DATE,SERIES,OPEN,HIGH,LOW,PREV. CLOSE,LTP,CLOSE,VWAP,52W H,52W L,VOLUME,VALUE,NO. OF  TRADES
17-04-2026,EQ,"2,425.00",2486.10,"2,417.50","2,440.30","2,471.60","2,464.00","2,464.88","2,985.70","2,115.00",1286575.00,"3,17,12,50,206.90",104371
16-04-2026,EQ,"2,435.00",2446.60,"2,411.60","2,423.10","2,438.00","2,440.30","2,434.82","2,985.70","2,115.00",1496210.00,"3,64,30,08,751.90",125188
15-04-2026,EQ,"2,400.50",2426.00,"2,381.00","2,352.40","2,420.70","2,423.10","2,414.03","2,985.70","2,115.00",1182431.00,"2,85,44,23,588.30",104794
13-04-2026,EQ,"2,279.90",2362.50,"2,262.00","2,360.70","2,348.00","2,352.40","2,331.49","2,985.70","2,115.00",1734562.00,"4,04,41,20,223.30",110738
10-04-2026,EQ,"2,267.70",2376.90,"2,267.70","2,269.60","2,356.00","2,360.70","2,352.32","2,985.70","2,115.00",3018178.00,"7,09,97,21,354.80",182655
09-04-2026,EQ,"2,275.00",2289.60,"2,252.00","2,282.40","2,267.10","2,269.60","2,271.32","2,985.70","2,115.00",1980060.00,"4,49,73,44,728.30",120865
08-04-2026,EQ,"2,284.50",2336.90,"2,245.20","2,186.20","2,288.00","2,282.40","2,278.70","2,985.70","2,115.00",2914767.00,"6,64,18,71,320.40",138739
07-04-2026,EQ,"2,167.70",2198.70,"2,145.00","2,184.30","2,197.00","2,186.20","2,180.48","2,985.70","2,115.00",1793007.00,"3,90,96,21,490.10",99667
06-04-2026,EQ,"2,169.00",2193.20,"2,145.90","2,169.00","2,190.00","2,184.30","2,173.75","2,985.70","2,115.00",2048228.00,"4,45,23,38,361.70",92826
02-04-2026,EQ,"2,185.00",2185.10,"2,142.40","2,225.80","2,170.40","2,169.00","2,162.87","2,985.70","2,115.00",1854061.00,"4,01,00,97,653.40",136719
01-04-2026,EQ,"2,224.80",2246.60,"2,198.40","2,165.20","2,226.00","2,225.80","2,223.69","2,985.70","2,115.00",1209900.00,"2,69,04,36,890.40",75400
30-03-2026,EQ,"2,185.30",2202.90,"2,151.00","2,207.40","2,168.20","2,165.20","2,170.89","2,985.70","2,115.00",1513565.00,"3,28,57,90,677.20",89204
27-03-2026,EQ,"2,246.30",2269.00,"2,201.10","2,270.20","2,209.20","2,207.40","2,225.52","2,985.70","2,115.00",1089010.00,"2,42,36,08,122.60",69114
25-03-2026,EQ,"2,225.10",2289.70,"2,222.00","2,217.30","2,271.00","2,270.20","2,264.27","2,985.70","2,115.00",1270855.00,"2,87,75,54,227.60",130505
24-03-2026,EQ,"2,184.00",2224.50,"2,153.30","2,121.30","2,220.50","2,217.30","2,196.94","2,985.70","2,115.00",1561016.00,"3,42,94,55,492.80",120036
23-03-2026,EQ,"2,180.00",2180.00,"2,115.00","2,195.40","2,120.80","2,121.30","2,138.30","2,985.70","2,115.00",978398.00,"2,09,21,08,841.10",84243
20-03-2026,EQ,"2,210.90",2224.50,"2,185.00","2,186.00","2,204.80","2,195.40","2,201.87","2,985.70","2,162.60",875920.00,"1,92,86,64,416.50",63193
19-03-2026,EQ,"2,220.00",2239.00,"2,180.60","2,262.10","2,195.50","2,186.00","2,196.51","2,985.70","2,162.60",889334.00,"1,95,34,34,541.30",76804
18-03-2026,EQ,"2,235.10",2270.40,"2,228.60","2,238.20","2,260.00","2,262.10","2,250.29","2,985.70","2,162.60",844912.00,"1,90,12,98,329.50",71339
17-03-2026,EQ,"2,217.70",2261.50,"2,217.20","2,217.70","2,240.50","2,238.20","2,236.47","2,985.70","2,162.60",875461.00,"1,95,79,41,898.00",73022
16-03-2026,EQ,"2,185.40",2227.80,"2,175.10","2,196.80","2,215.00","2,217.70","2,206.49","2,985.70","2,162.60",1111587.00,"2,45,27,02,443.00",97423
13-03-2026,EQ,"2,204.70",2219.70,"2,190.00","2,221.20","2,194.10","2,196.80","2,201.90","2,985.70","2,162.60",949233.00,"2,09,01,14,573.30",87307
12-03-2026,EQ,"2,208.00",2249.90,"2,201.00","2,232.00","2,221.40","2,221.20","2,225.28","2,985.70","2,162.60",1384055.00,"3,07,99,04,845.50",96995
11-03-2026,EQ,"2,290.00",2302.00,"2,226.00","2,280.40","2,232.90","2,232.00","2,260.69","2,985.70","2,162.60",687786.00,"1,55,48,74,263.90",62520
10-03-2026,EQ,"2,251.60",2305.10,"2,251.60","2,220.80","2,295.00","2,280.40","2,270.06","2,985.70","2,162.60",1192174.00,"2,70,63,06,584.20",66092
09-03-2026,EQ,"2,200.00",2230.00,"2,162.60","2,279.50","2,217.00","2,220.80","2,190.84","2,985.70","2,162.60",2198153.00,"4,81,57,98,500.20",119346
06-03-2026,EQ,"2,261.70",2307.90,"2,253.70","2,287.80","2,282.00","2,279.50","2,286.88","2,985.70","2,124.75",979742.00,"2,24,05,50,607.80",66828
05-03-2026,EQ,"2,285.20",2313.00,"2,253.70","2,285.20","2,282.50","2,287.80","2,272.72","2,985.70","2,124.75",925040.00,"2,10,23,55,049.50",79565
04-03-2026,EQ,"2,260.70",2290.90,"2,216.30","2,307.10","2,290.00","2,285.20","2,263.98","2,985.70","2,124.75",1610358.00,"3,64,58,17,586.40",125784
02-03-2026,EQ,"2,300.00",2337.90,"2,283.50","2,376.20","2,303.00","2,307.10","2,307.99","2,985.70","2,124.75",2528308.00,"5,83,52,98,841.60",138273
27-02-2026,EQ,"2,385.00",2397.60,"2,359.00","2,394.90","2,375.20","2,376.20","2,376.39","2,985.70","2,124.75",2531619.00,"6,01,61,02,713.00",74115
26-02-2026,EQ,"2,416.10",2422.20,"2,382.00","2,416.40","2,395.00","2,394.90","2,394.64","2,985.70","2,124.75",588742.00,"1,40,98,27,729.70",57917
25-02-2026,EQ,"2,416.00",2427.90,"2,400.00","2,413.10","2,412.50","2,416.40","2,414.51","2,985.70","2,124.75",526764.00,"1,27,18,77,118.00",45274
24-02-2026,EQ,"2,413.00",2441.50,"2,403.70","2,429.70","2,414.40","2,413.10","2,416.00","2,985.70","2,124.75",499660.00,"1,20,71,76,476.70",46809
23-02-2026,EQ,"2,424.70",2446.60,"2,411.50","2,428.10","2,433.80","2,429.70","2,431.42","2,985.70","2,124.75",634365.00,"1,54,24,08,150.10",55479
20-02-2026,EQ,"2,378.20",2435.70,"2,376.10","2,400.80","2,428.00","2,428.10","2,421.15","2,985.70","2,124.75",790329.00,"1,91,35,05,617.80",37377
19-02-2026,EQ,"2,420.00",2428.00,"2,391.10","2,432.10","2,391.60","2,400.80","2,404.58","2,985.70","2,124.75",971600.00,"2,33,62,85,646.70",74269
18-02-2026,EQ,"2,440.00",2448.20,"2,416.50","2,437.40","2,434.40","2,432.10","2,430.48","2,985.70","2,124.75",551809.00,"1,34,11,58,339.30",57487
17-02-2026,EQ,"2,399.50",2452.40,"2,399.50","2,397.20","2,439.00","2,437.40","2,435.81","2,985.70","2,124.75",1004356.00,"2,44,64,21,005.60",74355
16-02-2026,EQ,"2,360.00",2405.10,"2,356.80","2,366.40","2,400.00","2,397.20","2,387.81","2,985.70","2,124.75",683108.00,"1,63,11,30,020.30",47055
13-02-2026,EQ,"2,408.90",2411.80,"2,360.10","2,410.50","2,368.20","2,366.40","2,380.50","2,985.70","2,124.75",675635.00,"1,60,83,52,322.40",54629
12-02-2026,EQ,"2,398.00",2413.90,"2,377.00","2,392.50","2,410.10","2,410.50","2,400.90","2,985.70","2,124.75",607767.00,"1,45,91,85,362.70",48028
11-02-2026,EQ,"2,399.00",2405.70,"2,376.30","2,393.60","2,393.00","2,392.50","2,385.85","2,985.70","2,124.75",3177710.00,"7,58,15,24,292.70",82578
10-02-2026,EQ,"2,419.00",2420.00,"2,386.90","2,417.40","2,396.40","2,393.60","2,394.89","2,985.70","2,124.75",1513620.00,"3,62,49,48,960.30",68991
09-02-2026,EQ,"2,404.00",2426.20,"2,396.80","2,401.10","2,416.50","2,417.40","2,412.27","2,985.70","2,124.75",669839.00,"1,61,58,29,263.60",66718
06-02-2026,EQ,"2,432.00",2444.00,"2,386.10","2,432.10","2,405.00","2,401.10","2,400.75","2,985.70","2,124.75",1043982.00,"2,50,63,43,304.30",74053
05-02-2026,EQ,"2,445.00",2455.80,"2,402.60","2,452.70","2,433.50","2,432.10","2,426.75","2,985.70","2,124.75",1047405.00,"2,54,17,86,603.30",70946
04-02-2026,EQ,"2,430.00",2463.80,"2,417.10","2,426.00","2,450.00","2,452.70","2,448.56","2,985.70","2,124.75",970973.00,"2,37,74,82,103.60",75111
03-02-2026,EQ,"2,525.00",2525.00,"2,391.00","2,402.00","2,424.10","2,426.00","2,427.85","2,985.70","2,124.75",2233860.00,"5,42,34,77,544.60",99727
02-02-2026,EQ,"2,374.90",2429.50,"2,372.00","2,357.00","2,395.00","2,402.00","2,403.28","2,985.70","2,124.75",1183482.00,"2,84,42,34,574.90",126959
01-02-2026,EQ,"2,439.00",2439.00,"2,343.10","2,428.30","2,357.60","2,357.00","2,385.03","2,985.70","2,124.75",801746.00,"1,91,21,87,547.50",66173
30-01-2026,EQ,"2,417.00",2445.00,"2,400.50","2,416.00","2,431.00","2,428.30","2,427.03","2,985.70","2,124.75",2048843.00,"4,97,25,94,558.10",83085
29-01-2026,EQ,"2,511.80",2514.90,"2,410.00","2,511.80","2,415.00","2,416.00","2,431.87","2,985.70","2,124.75",3488159.00,"8,48,27,51,480.70",160628
28-01-2026,EQ,"2,535.00",2548.50,"2,451.00","2,622.80","2,512.00","2,511.80","2,493.59","2,985.70","2,124.75",3430002.00,"8,55,30,02,482.20",154933
27-01-2026,EQ,"2,719.90",2734.70,"2,546.00","2,703.70","2,628.00","2,622.80","2,627.64","2,985.70","2,124.75",3818761.00,"10,03,43,19,841.10",175338
23-01-2026,EQ,"2,703.80",2782.90,"2,690.80","2,703.80","2,704.40","2,703.70","2,743.23","2,985.70","2,124.75",1786635.00,"4,90,11,41,899.60",94155
22-01-2026,EQ,"2,665.30",2729.90,"2,665.30","2,661.10","2,704.20","2,703.80","2,703.64","2,985.70","2,124.75",1290346.00,"3,48,86,31,249.90",68789
21-01-2026,EQ,"2,670.00",2688.00,"2,648.00","2,675.60","2,666.00","2,661.10","2,665.80","2,985.70","2,124.75",914318.00,"2,43,73,93,473.60",71529
20-01-2026,EQ,"2,740.00",2740.10,"2,669.30","2,754.00","2,680.00","2,675.60","2,706.23","2,985.70","2,124.75",911151.00,"2,46,57,82,705.80",68578
19-01-2026,EQ,"2,756.90",2786.30,"2,724.70","2,756.90","2,736.80","2,754.00","2,769.14","2,985.70","2,124.75",1342048.00,"3,71,63,19,610.10",69012
16-01-2026,EQ,"2,787.90",2826.50,"2,750.50","2,813.90","2,756.70","2,756.90","2,791.78","2,985.70","2,124.75",1143463.00,"3,19,22,96,186.70",64490
14-01-2026,EQ,"2,884.00",2884.00,"2,807.30","2,886.30","2,817.00","2,813.90","2,830.57","2,985.70","2,124.75",958254.00,"2,71,24,07,016.00",77292
13-01-2026,EQ,"2,900.00",2914.50,"2,870.80","2,896.40","2,880.20","2,886.30","2,886.35","2,985.70","2,124.75",1051986.00,"3,03,63,95,120.30",62575
12-01-2026,EQ,"2,826.00",2900.00,"2,808.00","2,825.50","2,896.20","2,896.40","2,863.76","2,985.70","2,124.75",1743901.00,"4,99,41,12,167.40",79358
09-01-2026,EQ,"2,789.90",2856.70,"2,786.20","2,786.50","2,838.90","2,825.50","2,829.32","2,985.70","2,124.75",1657381.00,"4,68,92,69,490.40",80763
08-01-2026,EQ,"2,795.00",2804.70,"2,770.10","2,809.40","2,788.00","2,786.50","2,782.60","2,985.70","2,124.75",620031.00,"1,72,52,99,138.80",55375
07-01-2026,EQ,"2,845.80",2854.70,"2,801.10","2,845.80","2,806.00","2,809.40","2,822.62","2,985.70","2,124.75",636748.00,"1,79,72,99,418.10",50131
06-01-2026,EQ,"2,820.00",2848.40,"2,811.60","2,815.60","2,847.40","2,845.80","2,837.59","2,985.70","2,124.75",875891.00,"2,48,54,22,634.00",59674
05-01-2026,EQ,"2,770.00",2828.00,"2,769.00","2,772.60","2,814.00","2,815.60","2,812.38","2,985.70","2,124.75",866733.00,"2,43,75,81,546.80",51756
02-01-2026,EQ,"2,755.80",2799.00,"2,755.80","2,752.00","2,771.60","2,772.60","2,773.17","2,985.70","2,124.75",508884.00,"1,41,12,22,402.40",34439
01-01-2026,EQ,"2,775.90",2782.70,"2,746.10","2,769.50","2,756.00","2,752.00","2,766.47","2,985.70","2,124.75",327945.00,"90,72,49,993.00",24149
31-12-2025,EQ,"2,755.00",2796.80,"2,754.90","2,758.30","2,770.20","2,769.50","2,776.72","2,985.70","2,124.75",1274705.00,"3,53,94,95,798.20",66442
30-12-2025,EQ,"2,770.30",2792.40,"2,741.00","2,775.40","2,753.50","2,758.30","2,765.35","2,985.70","2,124.75",4833527.00,"13,36,63,91,317.30",124946
29-12-2025,EQ,"2,746.50",2793.80,"2,735.00","2,746.50","2,775.00","2,775.40","2,763.82","2,985.70","2,124.75",815529.00,"2,25,39,77,239.60",40786
26-12-2025,EQ,"2,785.00",2794.40,"2,743.00","2,785.50","2,746.60","2,746.50","2,756.66","2,985.70","2,124.75",532078.00,"1,46,67,57,575.60",40175
24-12-2025,EQ,"2,807.80",2824.70,"2,782.00","2,807.80","2,786.00","2,785.50","2,800.01","2,985.70","2,124.75",512144.00,"1,43,40,07,847.30",31706
23-12-2025,EQ,"2,798.00",2819.00,"2,783.10","2,807.60","2,808.00","2,807.80","2,802.62","2,985.70","2,124.75",431068.00,"1,20,81,20,827.50",40104
22-12-2025,EQ,"2,785.80",2823.10,"2,780.30","2,799.90","2,801.90","2,807.60","2,804.16","2,985.70","2,124.75",463953.00,"1,30,09,99,073.90",41440
19-12-2025,EQ,"2,766.40",2812.40,"2,759.70","2,759.70","2,788.30","2,799.90","2,797.35","2,985.70","2,124.75",3895542.00,"10,89,71,89,760.20",88858
18-12-2025,EQ,"2,780.00",2793.80,"2,755.30","2,785.70","2,758.40","2,759.70","2,765.05","2,985.70","2,124.75",417994.00,"1,15,57,75,554.90",57565
17-12-2025,EQ,"2,800.00",2806.50,"2,772.00","2,790.90","2,785.80","2,785.70","2,788.10","2,985.70","2,124.75",636499.00,"1,77,46,25,900.80",45705
16-12-2025,EQ,"2,793.00",2808.00,"2,776.10","2,780.20","2,785.00","2,790.90","2,792.52","2,985.70","2,124.75",916244.00,"2,55,86,31,583.80",59237
15-12-2025,EQ,"2,773.10",2802.00,"2,758.70","2,764.80","2,777.80","2,780.20","2,784.26","2,985.70","2,124.75",1029674.00,"2,86,68,76,315.30",66894
12-12-2025,EQ,"2,795.00",2797.00,"2,746.00","2,779.40","2,765.00","2,764.80","2,768.36","2,985.70","2,124.75",977696.00,"2,70,66,14,447.50",67771
11-12-2025,EQ,"2,800.00",2811.60,"2,763.20","2,804.50","2,776.50","2,779.40","2,783.16","2,985.70","2,124.75",777422.00,"2,16,36,86,674.40",69563
10-12-2025,EQ,"2,810.00",2824.00,"2,796.70","2,796.00","2,801.30","2,804.50","2,806.37","2,985.70","2,124.75",845073.00,"2,37,15,88,651.50",61106
09-12-2025,EQ,"2,910.00",2913.50,"2,788.50","2,928.30","2,793.70","2,796.00","2,813.86","2,985.70","2,124.75",1839391.00,"5,17,57,89,766.70",124144
08-12-2025,EQ,"2,970.00",2974.50,"2,914.80","2,968.50","2,924.00","2,928.30","2,934.32","2,985.70","2,124.75",983544.00,"2,88,60,37,065.10",78611
05-12-2025,EQ,"2,955.00",2973.50,"2,941.00","2,957.20","2,961.60","2,968.50","2,960.47","2,985.70","2,124.75",944978.00,"2,79,75,78,281.60",53579
04-12-2025,EQ,"2,950.00",2985.70,"2,934.00","2,953.50","2,955.00","2,957.20","2,966.56","2,985.70","2,124.75",1466098.00,"4,34,92,71,425.80",82703
03-12-2025,EQ,"2,969.00",2969.20,"2,932.60","2,954.40","2,950.00","2,953.50","2,947.69","2,969.20","2,124.75",1252456.00,"3,69,18,47,992.40",76198
02-12-2025,EQ,"2,867.00",2962.00,"2,861.20","2,867.60","2,958.00","2,954.40","2,926.33","2,962.00","2,124.75",2102147.00,"6,15,15,86,283.70",106277
01-12-2025,EQ,"2,877.70",2887.50,"2,848.00","2,874.40","2,864.00","2,867.60","2,862.12","2,926.90","2,124.75",499153.00,"1,42,86,37,555.30",50622
28-11-2025,EQ,"2,880.00",2889.90,"2,855.80","2,879.10","2,872.60","2,874.40","2,874.51","2,926.90","2,124.75",748446.00,"2,15,14,17,620.20",49967
27-11-2025,EQ,"2,880.00",2914.50,"2,871.40","2,874.00","2,875.70","2,879.10","2,888.80","2,926.90","2,124.75",1158685.00,"3,34,72,03,855.30",88437
26-11-2025,EQ,"2,880.00",2896.20,"2,857.60","2,875.80","2,872.00","2,874.00","2,876.72","2,926.90","2,124.75",570376.00,"1,64,08,09,372.10",54610
25-11-2025,EQ,"2,899.90",2908.50,"2,869.00","2,879.20","2,878.00","2,875.80","2,886.20","2,926.90","2,124.75",972417.00,"2,80,65,87,933.10",71298
24-11-2025,EQ,"2,876.00",2896.50,"2,864.50","2,876.60","2,888.00","2,879.20","2,879.32","2,926.90","2,124.75",5404326.00,"15,56,07,66,526.90",83082
21-11-2025,EQ,"2,869.00",2895.60,"2,854.10","2,859.80","2,876.00","2,876.60","2,872.20","2,926.90","2,124.75",857340.00,"2,46,24,51,544.00",69368
20-11-2025,EQ,"2,897.40",2906.10,"2,852.50","2,893.70","2,860.00","2,859.80","2,868.16","2,926.90","2,124.75",1062883.00,"3,04,85,21,729.90",75196
19-11-2025,EQ,"2,914.00",2916.00,"2,887.20","2,906.00","2,892.00","2,893.70","2,902.70","2,926.90","2,124.75",1387906.00,"4,02,86,71,093.90",64158
18-11-2025,EQ,"2,886.00",2916.00,"2,862.10","2,887.90","2,902.20","2,906.00","2,902.78","2,926.90","2,124.75",1819066.00,"5,28,03,44,681.70",110891
17-11-2025,EQ,"2,906.40",2926.90,"2,880.00","2,906.40","2,885.40","2,887.90","2,898.89","2,926.90","2,124.75",1230683.00,"3,56,76,12,443.80",70388
14-11-2025,EQ,"2,865.10",2909.90,"2,862.00","2,879.40","2,902.00","2,906.40","2,898.97","2,909.90","2,124.75",2494076.00,"7,23,02,41,805.20",125526
13-11-2025,EQ,"2,858.90",2897.10,"2,840.00","2,769.80","2,874.30","2,879.40","2,871.67","2,897.10","2,124.75",5933630.00,"17,03,93,98,688.50",219878
12-11-2025,EQ,"2,660.00",2838.70,"2,642.10","2,657.20","2,832.00","2,769.80","2,741.80","2,838.70","2,124.75",2859196.00,"7,83,93,29,437.10",137014
11-11-2025,EQ,"2,650.40",2664.90,"2,633.40","2,650.40","2,660.00","2,657.20","2,646.37","2,666.80","2,124.75",776404.00,"2,05,46,50,737.90",63951
10-11-2025,EQ,"2,613.80",2666.80,"2,611.10","2,613.80","2,651.90","2,650.40","2,653.68","2,666.80","2,124.75",1706880.00,"4,52,95,10,455.90",77760
07-11-2025,EQ,"2,602.90",2618.90,"2,585.00","2,602.90","2,612.00","2,613.80","2,601.78","2,962.15","2,124.75",791663.00,"2,05,97,32,475.00",56147
06-11-2025,EQ,"2,560.10",2631.00,"2,560.10","2,486.70","2,602.10","2,602.90","2,604.41","2,962.15","2,124.75",4448622.00,"11,58,60,31,696.00",209979
04-11-2025,EQ,"2,510.00",2521.00,"2,479.70","2,512.20","2,492.00","2,486.70","2,496.08","2,962.15","2,124.75",527087.00,"1,31,56,51,964.00",42628
03-11-2025,EQ,"2,496.20",2515.30,"2,495.00","2,510.80","2,512.00","2,512.20","2,505.25","2,962.15","2,124.75",425210.00,"1,06,52,58,034.80",41586
31-10-2025,EQ,"2,523.40",2530.00,"2,505.30","2,523.50","2,508.10","2,510.80","2,515.24","3,028.00","2,124.75",609128.00,"1,53,21,03,170.50",43085
30-10-2025,EQ,"2,535.50",2538.70,"2,513.30","2,538.70","2,523.00","2,523.50","2,523.94","3,028.00","2,124.75",736486.00,"1,85,88,42,863.90",49018
29-10-2025,EQ,"2,520.00",2550.80,"2,512.50","2,509.30","2,539.40","2,538.70","2,534.93","3,028.00","2,124.75",615292.00,"1,55,97,22,955.50",45365
28-10-2025,EQ,"2,515.00",2528.60,"2,492.00","2,518.80","2,501.20","2,509.30","2,509.62","3,028.00","2,124.75",1103957.00,"2,77,05,13,693.30",62453
27-10-2025,EQ,"2,501.60",2530.00,"2,499.60","2,501.60","2,514.60","2,518.80","2,519.31","3,028.00","2,124.75",550089.00,"1,38,58,46,403.60",48857
24-10-2025,EQ,"2,495.00",2506.70,"2,486.30","2,502.40","2,501.80","2,501.60","2,497.96","3,057.95","2,124.75",327596.00,"81,83,20,317.00",29053
23-10-2025,EQ,"2,518.90",2546.00,"2,496.80","2,504.60","2,499.70","2,502.40","2,523.09","3,057.95","2,124.75",811738.00,"2,04,80,84,911.10",63303
21-10-2025,EQ,"2,513.00",2519.20,"2,484.00","2,516.00","2,500.00","2,504.60","2,505.60","3,057.95","2,124.75",107942.00,"27,04,59,921.20",10708
20-10-2025,EQ,"2,507.80",2537.10,"2,500.70","2,507.80","2,516.00","2,516.00","2,519.10","3,057.95","2,124.75",714986.00,"1,80,11,19,633.40",56822
17-10-2025,EQ,"2,421.00",2544.00,"2,421.00","2,409.70","2,507.80","2,507.80","2,509.32","3,103.55","2,124.75",3719960.00,"9,33,45,53,256.90",150551
16-10-2025,EQ,"2,377.00",2420.80,"2,366.90","2,375.10","2,409.30","2,409.70","2,393.30","3,103.55","2,124.75",715890.00,"1,71,33,39,299.00",47988
15-10-2025,EQ,"2,330.00",2384.00,"2,325.00","2,318.10","2,377.00","2,375.10","2,365.88","3,103.55","2,124.75",753640.00,"1,78,30,22,180.80",48939
14-10-2025,EQ,"2,342.40",2355.00,"2,308.00","2,342.50","2,314.00","2,318.10","2,327.55","3,103.55","2,124.75",353345.00,"82,24,27,063.90",34507
13-10-2025,EQ,"2,340.20",2366.60,"2,337.00","2,340.20","2,343.00","2,342.50","2,349.68","3,103.55","2,124.75",667732.00,"1,56,89,54,283.80",40981
10-10-2025,EQ,"2,338.90",2357.80,"2,336.60","2,336.40","2,338.60","2,340.20","2,345.59","3,146.70","2,124.75",1117236.00,"2,62,05,77,770.70",45433
09-10-2025,EQ,"2,328.50",2341.00,"2,323.80","2,328.50","2,340.00","2,336.40","2,333.33","3,146.70","2,124.75",587567.00,"1,37,09,89,777.50",45913
08-10-2025,EQ,"2,360.00",2369.40,"2,320.00","2,352.80","2,323.00","2,328.50","2,336.21","3,146.70","2,124.75",701799.00,"1,63,95,47,744.80",48589
07-10-2025,EQ,"2,355.00",2371.40,"2,346.00","2,354.80","2,354.70","2,352.80","2,359.19","3,146.70","2,124.75",498524.00,"1,17,61,10,967.30",35086
06-10-2025,EQ,"2,355.00",2359.20,"2,334.10","2,357.80","2,355.10","2,354.80","2,348.85","3,146.70","2,124.75",362107.00,"85,05,35,067.30",28576
03-10-2025,EQ,"2,342.20",2362.70,"2,336.10","2,335.80","2,358.10","2,357.80","2,350.46","3,358.00","2,124.75",659872.00,"1,55,10,00,342.70",49330
01-10-2025,EQ,"2,353.40",2357.00,"2,321.20","2,350.00","2,339.70","2,335.80","2,333.18","3,358.00","2,124.75",648279.00,"1,51,25,51,558.60",45070
30-09-2025,EQ,"2,352.00",2388.80,"2,340.00","2,342.60","2,353.00","2,350.00","2,353.55","3,358.00","2,124.75",778874.00,"1,83,31,17,902.00",56814
29-09-2025,EQ,"2,342.90",2363.70,"2,329.20","2,342.80","2,352.00","2,342.60","2,344.85","3,358.00","2,124.75",950369.00,"2,22,84,69,864.40",61544
26-09-2025,EQ,"2,397.50",2400.00,"2,339.00","2,404.00","2,342.00","2,342.80","2,359.94","3,358.00","2,124.75",1089446.00,"2,57,10,28,693.60",88638
25-09-2025,EQ,"2,458.50",2462.70,"2,388.00","2,457.20","2,404.00","2,404.00","2,413.29","3,358.00","2,124.75",1518215.00,"3,66,38,92,010.10",81168
24-09-2025,EQ,"2,446.00",2475.00,"2,443.20","2,446.90","2,458.50","2,457.20","2,461.22","3,358.00","2,124.75",637749.00,"1,56,96,39,539.80",54569
23-09-2025,EQ,"2,472.10",2483.80,"2,428.00","2,482.70","2,450.00","2,446.90","2,449.86","3,358.00","2,124.75",1332111.00,"3,26,34,85,069.30",63604
22-09-2025,EQ,"2,494.10",2503.00,"2,474.10","2,481.70","2,479.90","2,482.70","2,488.32","3,358.00","2,124.75",872806.00,"2,17,18,23,851.00",47534
19-09-2025,EQ,"2,475.00",2509.50,"2,468.50","2,478.70","2,495.80","2,481.70","2,485.15","3,394.90","2,124.75",3731525.00,"9,27,34,01,995.40",68897
18-09-2025,EQ,"2,497.90",2506.20,"2,469.30","2,493.60","2,478.00","2,478.70","2,484.30","3,394.90","2,124.75",400796.00,"99,56,96,737.60",34436
17-09-2025,EQ,"2,482.00",2496.90,"2,480.80","2,480.90","2,494.50","2,493.60","2,487.70","3,394.90","2,124.75",359627.00,"89,46,42,603.90",33061
16-09-2025,EQ,"2,495.00",2509.90,"2,474.50","2,502.60","2,482.00","2,480.90","2,488.81","3,394.90","2,124.75",760790.00,"1,89,34,58,633.60",54288
15-09-2025,EQ,"2,535.10",2543.50,"2,498.00","2,546.30","2,504.90","2,502.60","2,509.44","3,394.90","2,124.75",583051.00,"1,46,31,34,103.00",43109
12-09-2025,EQ,"2,560.00",2568.30,"2,537.20","2,555.90","2,540.50","2,546.30","2,550.82","3,394.90","2,124.75",547539.00,"1,39,66,74,809.30",40076
11-09-2025,EQ,"2,541.00",2559.50,"2,535.70","2,543.30","2,558.00","2,555.90","2,551.45","3,394.90","2,124.75",423961.00,"1,08,17,16,977.90",39190
10-09-2025,EQ,"2,537.30",2555.00,"2,525.10","2,537.30","2,541.00","2,543.30","2,538.02","3,394.90","2,124.75",520584.00,"1,32,12,51,315.40",32637
09-09-2025,EQ,"2,540.00",2551.60,"2,524.80","2,530.80","2,541.30","2,537.30","2,537.81","3,394.90","2,124.75",702450.00,"1,78,26,83,504.90",47923
08-09-2025,EQ,"2,579.90",2589.60,"2,526.40","2,579.90","2,535.00","2,530.80","2,550.52","3,394.90","2,124.75",742880.00,"1,89,47,27,092.80",36682
05-09-2025,EQ,"2,565.00",2602.00,"2,565.00","2,568.60","2,581.90","2,579.90","2,581.22","3,394.90","2,124.75",1153436.00,"2,97,72,75,502.90",52228
04-09-2025,EQ,"2,553.90",2583.00,"2,553.00","2,553.90","2,570.00","2,568.60","2,570.37","3,394.90","2,124.75",933071.00,"2,39,83,37,278.70",74273
03-09-2025,EQ,"2,530.00",2565.10,"2,527.30","2,540.00","2,560.00","2,553.90","2,550.67","3,394.90","2,124.75",925847.00,"2,36,15,33,560.30",56343
02-09-2025,EQ,"2,569.00",2571.90,"2,531.00","2,570.20","2,538.00","2,540.00","2,549.56","3,394.90","2,124.75",1024054.00,"2,61,08,85,776.30",85903
01-09-2025,EQ,"2,518.00",2577.80,"2,515.10","2,518.60","2,570.00","2,570.20","2,559.95","3,394.90","2,124.75",1314833.00,"3,36,59,06,195.70",62406
29-08-2025,EQ,"2,491.00",2531.60,"2,490.00","2,489.00","2,520.00","2,518.60","2,513.22","3,394.90","2,124.75",1798653.00,"4,52,04,02,451.20",105469
28-08-2025,EQ,"2,465.00",2528.00,"2,465.00","2,481.40","2,490.00","2,489.00","2,505.93","3,394.90","2,124.75",1485769.00,"3,72,32,34,769.70",105181
26-08-2025,EQ,"2,481.10",2523.30,"2,468.00","2,492.90","2,493.00","2,481.40","2,483.54","3,394.90","2,124.75",7106393.00,"17,64,90,19,058.80",134307
25-08-2025,EQ,"2,516.00",2522.50,"2,476.00","2,504.50","2,494.00","2,492.90","2,493.95","3,394.90","2,124.75",766497.00,"1,91,16,06,922.90",59779
22-08-2025,EQ,"2,562.80",2569.30,"2,501.10","2,566.60","2,505.00","2,504.50","2,519.14","3,394.90","2,124.75",523774.00,"1,31,94,57,472.40",46272
21-08-2025,EQ,"2,574.90",2576.00,"2,559.30","2,570.10","2,569.00","2,566.60","2,566.26","3,394.90","2,124.75",781082.00,"2,00,44,58,783.10",38208
20-08-2025,EQ,"2,578.00",2579.30,"2,563.40","2,579.40","2,570.50","2,570.10","2,571.05","3,394.90","2,124.75",308028.00,"79,19,56,221.80",36979
19-08-2025,EQ,"2,587.40",2595.00,"2,561.20","2,587.40","2,581.00","2,579.40","2,579.08","3,394.90","2,124.75",698587.00,"1,80,17,13,644.40",60592
18-08-2025,EQ,"2,550.00",2595.00,"2,536.60","2,528.70","2,589.90","2,587.40","2,573.28","3,394.90","2,124.75",1755615.00,"4,51,76,86,760.70",107645
14-08-2025,EQ,"2,505.00",2534.90,"2,497.70","2,500.20","2,530.00","2,528.70","2,519.33","3,394.90","2,124.75",1088550.00,"2,74,24,13,198.50",82726
13-08-2025,EQ,"2,479.80",2504.40,"2,461.20","2,478.30","2,501.00","2,500.20","2,494.95","3,394.90","2,124.75",350844.00,"87,53,36,847.90",31382
12-08-2025,EQ,"2,489.10",2502.80,"2,474.00","2,489.10","2,479.80","2,478.30","2,488.18","3,394.90","2,124.75",608984.00,"1,51,52,59,131.70",61510
11-08-2025,EQ,"2,463.90",2504.20,"2,452.00","2,475.60","2,491.40","2,489.10","2,484.31","3,394.90","2,124.75",721135.00,"1,79,15,20,953.60",66377
08-08-2025,EQ,"2,506.50",2511.70,"2,468.50","2,506.50","2,476.00","2,475.60","2,491.63","3,394.90","2,124.75",1178226.00,"2,93,57,02,156.30",109498
07-08-2025,EQ,"2,484.10",2510.00,"2,466.90","2,491.20","2,508.00","2,506.50","2,490.68","3,394.90","2,124.75",1502806.00,"3,74,30,02,537.30",75726
06-08-2025,EQ,"2,440.00",2505.60,"2,440.00","2,436.80","2,484.10","2,491.20","2,486.79","3,394.90","2,124.75",2019109.00,"5,02,10,94,057.10",106533
05-08-2025,EQ,"2,461.90",2463.70,"2,409.10","2,449.80","2,434.90","2,436.80","2,432.86","3,394.90","2,124.75",659094.00,"1,60,34,80,439.00",43105
04-08-2025,EQ,"2,443.20",2467.00,"2,439.60","2,431.00","2,450.00","2,449.80","2,452.78","3,394.90","2,124.75",1165898.00,"2,85,96,89,906.00",75984
01-08-2025,EQ,"2,378.00",2472.00,"2,378.00","2,396.10","2,434.00","2,431.00","2,446.65","3,394.90","2,124.75",2225293.00,"5,44,45,03,615.10",109846
31-07-2025,EQ,"2,401.40",2417.20,"2,373.50","2,415.80","2,391.00","2,396.10","2,399.72","3,394.90","2,124.75",1274735.00,"3,05,90,12,568.50",86988
30-07-2025,EQ,"2,409.00",2443.80,"2,366.50","2,401.50","2,411.00","2,415.80","2,418.53","3,394.90","2,124.75",1685818.00,"4,07,72,05,818.80",101534
29-07-2025,EQ,"2,359.00",2418.30,"2,325.00","2,359.60","2,406.10","2,401.50","2,386.54","3,394.90","2,124.75",1742815.00,"4,15,93,05,149.80",114151
28-07-2025,EQ,"2,336.20",2366.40,"2,320.00","2,336.20","2,359.50","2,359.60","2,350.85","3,394.90","2,124.75",650364.00,"1,52,89,10,548.30",48878
25-07-2025,EQ,"2,340.00",2350.50,"2,325.80","2,352.10","2,338.90","2,336.20","2,336.97","3,394.90","2,124.75",383636.00,"89,65,46,545.90",35385
24-07-2025,EQ,"2,375.40",2380.00,"2,341.00","2,375.40","2,352.00","2,352.10","2,356.35","3,394.90","2,124.75",506960.00,"1,19,45,73,369.30",37060
23-07-2025,EQ,"2,363.00",2384.70,"2,352.60","2,365.20","2,381.20","2,375.40","2,363.97","3,394.90","2,124.75",368999.00,"87,23,01,520.90",35010
22-07-2025,EQ,"2,375.40",2380.80,"2,361.30","2,375.40","2,365.00","2,365.20","2,367.87","3,394.90","2,124.75",411317.00,"97,39,45,345.90",36497
21-07-2025,EQ,"2,382.40",2408.00,"2,360.80","2,382.40","2,378.80","2,375.40","2,371.87","3,394.90","2,124.75",390934.00,"92,72,44,568.90",30724
18-07-2025,EQ,"2,400.60",2405.00,"2,372.30","2,398.90","2,380.00","2,382.40","2,384.68","3,394.90","2,124.75",599552.00,"1,42,97,40,039.30",89418
17-07-2025,EQ,"2,404.10",2414.00,"2,394.00","2,410.50","2,398.30","2,398.90","2,402.73","3,394.90","2,124.75",526164.00,"1,26,42,29,735.30",50280
16-07-2025,EQ,"2,381.00",2422.40,"2,371.00","2,393.50","2,403.00","2,410.50","2,405.09","3,394.90","2,124.75",1200913.00,"2,88,83,01,085.20",72926
15-07-2025,EQ,"2,409.90",2415.00,"2,386.30","2,401.60","2,396.00","2,393.50","2,396.48","3,394.90","2,124.75",610228.00,"1,46,23,97,463.30",58145
14-07-2025,EQ,"2,431.10",2448.60,"2,391.00","2,439.20","2,404.80","2,401.60","2,406.44","3,394.90","2,124.75",891624.00,"2,14,56,38,312.60",56494
11-07-2025,EQ,"2,447.50",2484.80,"2,435.50","2,451.20","2,439.00","2,439.20","2,456.51","3,394.90","2,124.75",1050466.00,"2,58,04,76,380.10",81854
10-07-2025,EQ,"2,507.30",2512.00,"2,445.10","2,498.90","2,447.50","2,451.20","2,474.60","3,394.90","2,124.75",932978.00,"2,30,87,43,113.10",61536
09-07-2025,EQ,"2,520.50",2535.00,"2,492.90","2,484.60","2,497.30","2,498.90","2,510.99","3,394.90","2,124.75",2328785.00,"5,84,75,45,663.90",119059
08-07-2025,EQ,"2,440.50",2488.00,"2,437.30","2,442.80","2,487.90","2,484.60","2,468.93","3,394.90","2,124.75",1136367.00,"2,80,56,13,212.20",70976
07-07-2025,EQ,"2,423.30",2465.10,"2,421.00","2,424.20","2,448.00","2,442.80","2,445.69","3,394.90","2,124.75",869054.00,"2,12,54,38,016.90",65276
04-07-2025,EQ,"2,430.90",2443.00,"2,412.00","2,430.90","2,428.00","2,424.20","2,424.40","3,394.90","2,124.75",602320.00,"1,46,02,65,353.90",45164
03-07-2025,EQ,"2,428.90",2464.40,"2,425.00","2,419.40","2,430.50","2,430.90","2,444.49","3,394.90","2,124.75",1547489.00,"3,78,28,22,817.80",90059
02-07-2025,EQ,"2,340.00",2430.00,"2,327.00","2,369.50","2,426.30","2,419.40","2,385.77","3,394.90","2,124.75",1936060.00,"4,61,89,93,872.20",83746
01-07-2025,EQ,"2,380.50",2400.00,"2,350.20","2,341.10","2,370.10","2,369.50","2,372.28","3,394.90","2,124.75",1232160.00,"2,92,30,27,853.10",78111
30-06-2025,EQ,"2,362.00",2369.90,"2,326.10","2,358.70","2,341.90","2,341.10","2,341.18","3,394.90","2,124.75",785414.00,"1,83,87,97,546.00",63584
27-06-2025,EQ,"2,283.00",2364.50,"2,277.10","2,289.80","2,362.00","2,358.70","2,335.40","3,394.90","2,124.75",1555259.00,"3,63,21,56,218.30",80723
26-06-2025,EQ,"2,287.00",2292.60,"2,280.20","2,279.90","2,285.60","2,289.80","2,287.73","3,394.90","2,124.75",921519.00,"2,10,81,87,443.90",55025
25-06-2025,EQ,"2,276.10",2294.30,"2,275.40","2,275.30","2,280.00","2,279.90","2,281.51","3,394.90","2,124.75",807391.00,"1,84,20,73,400.20",36233
24-06-2025,EQ,"2,305.00",2309.70,"2,268.90","2,264.10","2,277.00","2,275.30","2,285.84","3,394.90","2,124.75",1044179.00,"2,38,68,26,686.10",68456
23-06-2025,EQ,"2,261.20",2272.80,"2,253.90","2,285.70","2,264.00","2,264.10","2,263.57","3,394.90","2,124.75",596186.00,"1,34,95,08,429.40",46126
20-06-2025,EQ,"2,267.00",2289.90,"2,263.00","2,268.00","2,279.50","2,285.70","2,283.48","3,394.90","2,124.75",1945030.00,"4,44,14,32,827.30",50866
19-06-2025,EQ,"2,270.00",2285.00,"2,264.00","2,281.40","2,266.70","2,268.00","2,275.72","3,394.90","2,124.75",524936.00,"1,19,46,09,089.70",37899
18-06-2025,EQ,"2,257.00",2284.00,"2,255.00","2,264.80","2,277.80","2,281.40","2,273.14","3,394.90","2,124.75",1131156.00,"2,57,12,76,672.00",52509
17-06-2025,EQ,"2,231.00",2281.00,"2,227.00","2,244.80","2,264.00","2,264.80","2,264.49","3,394.90","2,124.75",1540986.00,"3,48,95,41,462.20",60073
16-06-2025,EQ,"2,214.20",2250.00,"2,209.30","2,214.20","2,241.00","2,244.80","2,233.86","3,394.90","2,124.75",1301826.00,"2,90,80,99,540.00",61568
13-06-2025,EQ,"2,175.00",2217.10,"2,174.80","2,219.40","2,216.60","2,214.20","2,202.96","3,394.90","2,124.75",1786808.00,"3,93,62,59,598.60",84761
12-06-2025,EQ,"2,224.00",2263.00,"2,208.10","2,208.80","2,225.00","2,219.40","2,237.04","3,394.90","2,124.75",3417375.00,"7,64,48,03,902.00",138345
11-06-2025,EQ,"2,209.00",2225.90,"2,207.20","2,218.90","2,207.60","2,208.80","2,214.30","3,394.90","2,124.75",1431027.00,"3,16,87,20,833.50",57088
10-06-2025,EQ,"2,240.00",2240.00,"2,215.20","2,247.90","2,217.90","2,218.90","2,222.99","3,394.90","2,124.75",1809078.00,"4,02,15,64,944.30",85274
09-06-2025,EQ,"2,240.00",2255.80,"2,236.00","2,245.20","2,251.00","2,247.90","2,246.94","3,394.90","2,124.75",1041859.00,"2,34,09,93,113.80",46288
06-06-2025,EQ,"2,249.10",2252.60,"2,239.00","2,243.50","2,245.20","2,245.20","2,244.85","3,394.90","2,124.75",822087.00,"1,84,54,64,870.70",36801
05-06-2025,EQ,"2,251.10",2261.00,"2,233.00","2,249.00","2,242.00","2,243.50","2,244.09","3,394.90","2,124.75",996615.00,"2,23,64,94,687.30",51385
04-06-2025,EQ,"2,249.50",2261.00,"2,240.90","2,255.70","2,251.00","2,249.00","2,248.65","3,394.90","2,124.75",768084.00,"1,72,71,51,815.70",36037
03-06-2025,EQ,"2,272.60",2287.30,"2,246.70","2,266.70","2,258.00","2,255.70","2,259.11","3,394.90","2,124.75",792587.00,"1,79,05,40,599.80",55680
02-06-2025,EQ,"2,259.10",2272.30,"2,257.90","2,259.10","2,268.50","2,266.70","2,265.52","3,394.90","2,124.75",702789.00,"1,59,21,80,294.90",41035
30-05-2025,EQ,"2,296.50",2304.00,"2,255.00","2,294.30","2,261.00","2,259.10","2,263.70","3,394.90","2,124.75",3610474.00,"8,17,30,46,111.50",82010
29-05-2025,EQ,"2,303.20",2309.00,"2,286.50","2,303.20","2,295.00","2,294.30","2,293.62","3,394.90","2,124.75",1414643.00,"3,24,46,58,118.70",58620
28-05-2025,EQ,"2,327.60",2333.00,"2,300.30","2,327.60","2,305.00","2,303.20","2,308.17","3,394.90","2,124.75",774808.00,"1,78,83,86,495.70",63744
27-05-2025,EQ,"2,313.10",2351.60,"2,301.10","2,327.20","2,327.50","2,327.60","2,332.79","3,394.90","2,124.75",2485428.00,"5,79,79,81,367.60",98440
26-05-2025,EQ,"2,316.00",2338.00,"2,302.80","2,315.50","2,325.60","2,327.20","2,318.72","3,394.90","2,124.75",1258062.00,"2,91,70,99,101.90",68731
23-05-2025,EQ,"2,301.80",2329.00,"2,295.00","2,299.20","2,315.00","2,315.50","2,316.37","3,394.90","2,124.75",458035.00,"1,06,09,77,681.90",33970
22-05-2025,EQ,"2,309.20",2310.00,"2,283.10","2,312.40","2,297.60","2,299.20","2,297.00","3,394.90","2,124.75",916504.00,"2,10,52,08,273.10",62407
21-05-2025,EQ,"2,296.00",2316.20,"2,290.00","2,295.60","2,308.30","2,312.40","2,307.71","3,394.90","2,124.75",469330.00,"1,08,30,76,347.70",41864
20-05-2025,EQ,"2,347.50",2347.70,"2,291.40","2,331.40","2,298.70","2,295.60","2,306.25","3,394.90","2,124.75",1095846.00,"2,52,72,89,936.00",61266
19-05-2025,EQ,"2,353.60",2378.90,"2,326.60","2,353.60","2,331.00","2,331.40","2,347.23","3,394.90","2,124.75",552961.00,"1,29,79,28,267.50",50106
16-05-2025,EQ,"2,333.90",2355.00,"2,315.00","2,329.90","2,353.00","2,353.60","2,340.13","3,394.90","2,124.75",785113.00,"1,83,72,68,694.20",54809
15-05-2025,EQ,"2,285.00",2335.50,"2,268.00","2,282.30","2,331.40","2,329.90","2,306.60","3,394.90","2,124.75",1675016.00,"3,86,35,90,864.00",113120
14-05-2025,EQ,"2,319.00",2319.00,"2,277.10","2,324.60","2,286.00","2,282.30","2,288.00","3,394.90","2,124.75",1549845.00,"3,54,60,48,010.40",116059
13-05-2025,EQ,"2,354.00",2358.00,"2,315.10","2,356.40","2,322.60","2,324.60","2,328.80","3,394.90","2,124.75",1220489.00,"2,84,22,70,299.00",81010
12-05-2025,EQ,"2,330.00",2378.50,"2,321.00","2,299.60","2,339.30","2,356.40","2,358.02","3,394.90","2,124.75",940135.00,"2,21,68,52,600.70",47346
09-05-2025,EQ,"2,246.60",2331.80,"2,245.00","2,302.60","2,307.90","2,299.60","2,300.34","3,394.90","2,124.75",1503010.00,"3,45,74,41,372.60",92881
08-05-2025,EQ,"2,322.00",2349.10,"2,293.50","2,334.10","2,300.00","2,302.60","2,318.80","3,394.90","2,124.75",2292261.00,"5,31,52,92,783.00",135625
07-05-2025,EQ,"2,388.00",2405.70,"2,318.50","2,418.00","2,322.00","2,334.10","2,361.98","3,394.90","2,124.75",1711760.00,"4,04,31,39,077.00",109336
06-05-2025,EQ,"2,442.00",2449.90,"2,391.10","2,436.90","2,414.40","2,418.00","2,413.16","3,394.90","2,124.75",702819.00,"1,69,60,15,229.20",43489
05-05-2025,EQ,"2,423.10",2475.00,"2,423.10","2,409.80","2,441.00","2,436.90","2,454.15","3,394.90","2,124.75",1229593.00,"3,01,76,08,685.60",70327
02-05-2025,EQ,"2,425.00",2444.90,"2,398.00","2,425.70","2,406.00","2,409.80","2,421.26","3,394.90","2,124.75",928084.00,"2,24,71,36,438.60",58084
30-04-2025,EQ,"2,450.00",2462.20,"2,401.50","2,451.10","2,416.50","2,425.70","2,432.24","3,394.90","2,124.75",1479678.00,"3,59,89,36,957.00",77845
29-04-2025,EQ,"2,460.00",2472.00,"2,441.60","2,452.20","2,456.10","2,451.10","2,456.45","3,394.90","2,124.75",1235066.00,"3,03,38,72,117.50",63588
28-04-2025,EQ,"2,419.90",2459.80,"2,405.00","2,431.60","2,446.20","2,452.20","2,440.86","3,394.90","2,124.75",554922.00,"1,35,44,85,970.80",52292
25-04-2025,EQ,"2,464.30",2468.70,"2,413.70","2,464.40","2,425.70","2,431.60","2,432.80","3,394.90","2,124.75",702217.00,"1,70,83,55,787.60",60107
24-04-2025,EQ,"2,450.00",2491.00,"2,435.90","2,453.10","2,466.40","2,464.40","2,465.69","3,394.90","2,124.75",1203452.00,"2,96,73,36,184.40",77050
23-04-2025,EQ,"2,437.00",2456.60,"2,425.60","2,432.00","2,447.50","2,453.10","2,443.84","3,394.90","2,124.75",744696.00,"1,81,99,20,596.40",53899
22-04-2025,EQ,"2,445.00",2450.00,"2,413.50","2,445.00","2,428.00","2,432.00","2,434.93","3,394.90","2,124.75",543658.00,"1,32,37,69,901.60",52528
21-04-2025,EQ,"2,465.90",2470.90,"2,441.00","2,467.90","2,444.80","2,445.00","2,455.74","3,394.90","2,124.75",541913.00,"1,33,07,97,649.80",43480
